Title,BRYU005_BK_Pos_QE2_HILIC_006: Height,BRYU005_QC_1_Pos_QE2_HILIC_008: Height,BRYU005_Pos_SA0012_QE2_HILIC_010: Height,BRYU005_Pos_SA0002_QE2_HILIC_012: Height,BRYU005_Pos_SA0019_QE2_HILIC_014: Height,BRYU005_Pos_SA0067_QE2_HILIC_016: Height,BRYU005_Pos_SA0070_QE2_HILIC_018: Height,BRYU005_Pos_SA0064_QE2_HILIC_020: Height,BRYU005_Pos_SA0066_QE2_HILIC_022: Height,BRYU005_Pos_SA0054_QE2_HILIC_024: Height,BRYU005_Pos_SA0062_QE2_HILIC_026: Height,BRYU005_Pos_SA0003_QE2_HILIC_028: Height,BRYU005_BK_Pos_QE2_HILIC_030: Height,BRYU005_QC_2_Pos_QE2_HILIC_032: Height,BRYU005_Pos_SA0015_QE2_HILIC_034: Height,BRYU005_Pos_SA0041_QE2_HILIC_036: Height,BRYU005_Pos_SA0004_QE2_HILIC_038: Height,BRYU005_Pos_SA0061_QE2_HILIC_040: Height,BRYU005_Pos_SA0068_QE2_HILIC_042: Height,BRYU005_Pos_SA0007_QE2_HILIC_044: Height,BRYU005_Pos_SA0006_QE2_HILIC_046: Height,BRYU005_Pos_SA0037_QE2_HILIC_048: Height,BRYU005_Pos_SA0044_QE2_HILIC_050: Height,BRYU005_Pos_SA0026_QE2_HILIC_052: Height,BRYU005_BK_Pos_QE2_HILIC_054: Height,BRYU005_QC_3_Pos_QE2_HILIC_056: Height,BRYU005_Pos_SA0021_QE2_HILIC_058: Height,BRYU005_Pos_SA0046_QE2_HILIC_060: Height,BRYU005_Pos_SA0036_QE2_HILIC_062: Height,BRYU005_Pos_SA0059_QE2_HILIC_064: Height,BRYU005_Pos_SA0058_QE2_HILIC_066: Height,BRYU005_Pos_SA0035_QE2_HILIC_068: Height,BRYU005_Pos_SA0033_QE2_HILIC_070: Height,BRYU005_Pos_SA0060_QE2_HILIC_072: Height,BRYU005_Pos_SA0039_QE2_HILIC_074: Height,BRYU005_Pos_SA0045_QE2_HILIC_076: Height,BRYU005_BK_Pos_QE2_HILIC_078: Height,BRYU005_QC_4_Pos_QE2_HILIC_080: Height,BRYU005_Pos_SA0031_QE2_HILIC_082: Height,BRYU005_Pos_SA0043_QE2_HILIC_084: Height,BRYU005_Pos_SA0008_QE2_HILIC_086: Height,BRYU005_Pos_SA0022_QE2_HILIC_088: Height,BRYU005_Pos_SA0051_QE2_HILIC_090: Height,BRYU005_Pos_SA0025_QE2_HILIC_092: Height,BRYU005_Pos_SA0014_QE2_HILIC_094: Height,BRYU005_Pos_SA0069_QE2_HILIC_096: Height,BRYU005_Pos_SA0032_QE2_HILIC_098: Height,BRYU005_Pos_SA0005_QE2_HILIC_100: Height,BRYU005_BK_Pos_QE2_HILIC_102: Height,BRYU005_QC_5_Pos_QE2_HILIC_104: Height,BRYU005_Pos_SA0030_QE2_HILIC_106: Height,BRYU005_Pos_SA0010_QE2_HILIC_108: Height,BRYU005_Pos_SA0016_QE2_HILIC_110: Height,BRYU005_Pos_SA0057_QE2_HILIC_112: Height,BRYU005_Pos_SA0023_QE2_HILIC_114: Height,BRYU005_Pos_SA0042_QE2_HILIC_116: Height,BRYU005_Pos_SA0071_QE2_HILIC_118: Height,BRYU005_Pos_SA0040_QE2_HILIC_120: Height,BRYU005_Pos_SA0020_QE2_HILIC_122: Height,BRYU005_Pos_SA0029_QE2_HILIC_124: Height,BRYU005_BK_Pos_QE2_HILIC_126: Height,BRYU005_QC_6_Pos_QE2_HILIC_128: Height,BRYU005_Pos_SA0065_QE2_HILIC_130: Height,BRYU005_Pos_SA0024_QE2_HILIC_132: Height,BRYU005_Pos_SA0028_QE2_HILIC_134: Height,BRYU005_Pos_SA0053_QE2_HILIC_136: Height,BRYU005_Pos_SA0001_QE2_HILIC_138: Height,BRYU005_Pos_SA0017_QE2_HILIC_140: Height,BRYU005_Pos_SA0048_QE2_HILIC_142: Height,BRYU005_Pos_SA0056_QE2_HILIC_144: Height,BRYU005_Pos_SA0047_QE2_HILIC_146: Height,BRYU005_Pos_SA0055_QE2_HILIC_148: Height,BRYU005_BK_Pos_QE2_HILIC_150: Height,BRYU005_QC_7_Pos_QE2_HILIC_152: Height,BRYU005_Pos_SA0013_QE2_HILIC_154: Height,BRYU005_Pos_SA0011_QE2_HILIC_156: Height,BRYU005_Pos_SA0038_QE2_HILIC_158: Height,BRYU005_Pos_SA0009_QE2_HILIC_160: Height,BRYU005_Pos_SA0052_QE2_HILIC_162: Height,BRYU005_Pos_SA0063_QE2_HILIC_164: Height,BRYU005_Pos_SA0034_QE2_HILIC_166: Height,BRYU005_Pos_SA0072_QE2_HILIC_168: Height,BRYU005_Pos_SA0018_QE2_HILIC_170: Height,BRYU005_Pos_SA0027_QE2_HILIC_172: Height,BRYU005_BK_Pos_QE2_HILIC_174: Height,BRYU005_QC_8_Pos_QE2_HILIC_176: Height,BRYU005_Pos_SA0049_QE2_HILIC_178: Height,BRYU005_Pos_SA0050_QE2_HILIC_180: Height,BRYU005_Pos_SA0082_QE2_HILIC_182: Height,BRYU005_Pos_SA0115_QE2_HILIC_184: Height,BRYU005_Pos_SA0135_QE2_HILIC_186: Height,BRYU005_Pos_SA0116_QE2_HILIC_188: Height,BRYU005_Pos_SA0084_QE2_HILIC_190: Height,BRYU005_Pos_SA0137_QE2_HILIC_192: Height,BRYU005_Pos_SA0080_QE2_HILIC_194: Height,BRYU005_Pos_SA0106_QE2_HILIC_196: Height,BRYU005_BK_Pos_QE2_HILIC_198: Height,BRYU005_QC_9_Pos_QE2_HILIC_200: Height,BRYU005_Pos_SA0136_QE2_HILIC_202: Height,BRYU005_Pos_SA0109_QE2_HILIC_204: Height,BRYU005_Pos_SA0139_QE2_HILIC_206: Height,BRYU005_Pos_SA0108_QE2_HILIC_208: Height,BRYU005_Pos_SA0083_QE2_HILIC_210: Height,BRYU005_Pos_SA0140_QE2_HILIC_212: Height,BRYU005_Pos_SA0124_QE2_HILIC_214: Height,BRYU005_Pos_SA0122_QE2_HILIC_216: Height,BRYU005_Pos_SA0073_QE2_HILIC_218: Height,BRYU005_Pos_SA0118_QE2_HILIC_220: Height,BRYU005_BK_Pos_QE2_HILIC_222: Height,BRYU005_QC_10_Pos_QE2_HILIC_224: Height,BRYU005_Pos_SA0142_QE2_HILIC_226: Height,BRYU005_Pos_SA0130_QE2_HILIC_228: Height,BRYU005_Pos_SA0138_QE2_HILIC_230: Height,BRYU005_Pos_SA0127_QE2_HILIC_232: Height,BRYU005_Pos_SA0113_QE2_HILIC_234: Height,BRYU005_Pos_SA0101_QE2_HILIC_236: Height,BRYU005_Pos_SA0092_QE2_HILIC_238: Height,BRYU005_Pos_SA0131_QE2_HILIC_240: Height,BRYU005_Pos_SA0104_QE2_HILIC_242: Height,BRYU005_Pos_SA0119_QE2_HILIC_244: Height,BRYU005_BK_Pos_QE2_HILIC_246: Height,BRYU005_QC_11_Pos_QE2_HILIC_248: Height,BRYU005_Pos_SA0133_QE2_HILIC_250: Height,BRYU005_Pos_SA0117_QE2_HILIC_252: Height,BRYU005_Pos_SA0129_QE2_HILIC_254: Height,BRYU005_Pos_SA0079_QE2_HILIC_256: Height,BRYU005_Pos_SA0091_QE2_HILIC_258: Height,BRYU005_Pos_SA0111_QE2_HILIC_260: Height,BRYU005_Pos_SA0112_QE2_HILIC_262: Height,BRYU005_Pos_SA0120_QE2_HILIC_264: Height,BRYU005_Pos_SA0097_QE2_HILIC_266: Height,BRYU005_Pos_SA0088_QE2_HILIC_268: Height,BRYU005_BK_Pos_QE2_HILIC_270: Height,BRYU005_QC_12_Pos_QE2_HILIC_272: Height,BRYU005_Pos_SA0077_QE2_HILIC_274: Height,BRYU005_Pos_SA0105_QE2_HILIC_276: Height,BRYU005_Pos_SA0098_QE2_HILIC_278: Height,BRYU005_Pos_SA0099_QE2_HILIC_280: Height,BRYU005_Pos_SA0141_QE2_HILIC_282: Height,BRYU005_Pos_SA0095_QE2_HILIC_284: Height,BRYU005_Pos_SA0085_QE2_HILIC_286: Height,BRYU005_Pos_SA0143_QE2_HILIC_288: Height,BRYU005_Pos_SA0090_QE2_HILIC_290: Height,BRYU005_Pos_SA0078_QE2_HILIC_292: Height,BRYU005_BK_Pos_QE2_HILIC_294: Height,BRYU005_QC_13_Pos_QE2_HILIC_296: Height,BRYU005_Pos_SA0114_QE2_HILIC_298: Height,BRYU005_Pos_SA0087_QE2_HILIC_300: Height,BRYU005_Pos_SA0100_QE2_HILIC_302: Height,BRYU005_Pos_SA0121_QE2_HILIC_304: Height,BRYU005_Pos_SA0102_QE2_HILIC_306: Height,BRYU005_Pos_SA0093_QE2_HILIC_308: Height,BRYU005_Pos_SA0123_QE2_HILIC_310: Height,BRYU005_Pos_SA0096_QE2_HILIC_312: Height,BRYU005_Pos_SA0144_QE2_HILIC_314: Height,BRYU005_Pos_SA0076_QE2_HILIC_316: Height,BRYU005_BK_Pos_QE2_HILIC_318: Height,BRYU005_QC_14_Pos_QE2_HILIC_320: Height,BRYU005_Pos_SA0089_QE2_HILIC_322: Height,BRYU005_Pos_SA0128_QE2_HILIC_324: Height,BRYU005_Pos_SA0134_QE2_HILIC_326: Height,BRYU005_Pos_SA0086_QE2_HILIC_328: Height,BRYU005_Pos_SA0075_QE2_HILIC_330: Height,BRYU005_Pos_SA0074_QE2_HILIC_332: Height,BRYU005_Pos_SA0103_QE2_HILIC_334: Height,BRYU005_Pos_SA0125_QE2_HILIC_336: Height,BRYU005_Pos_SA0081_QE2_HILIC_338: Height,BRYU005_Pos_SA0126_QE2_HILIC_340: Height,BRYU005_BK_Pos_QE2_HILIC_342: Height,BRYU005_QC_15_Pos_QE2_HILIC_344: Height,BRYU005_Pos_SA0110_QE2_HILIC_346: Height,BRYU005_Pos_SA0132_QE2_HILIC_348: Height,BRYU005_Pos_SA0094_QE2_HILIC_350: Height,BRYU005_Pos_SA0107_QE2_HILIC_352: Height,BRYU005_Pos_SA0166_QE2_HILIC_354: Height,BRYU005_Pos_SA0196_QE2_HILIC_356: Height,BRYU005_Pos_SA0195_QE2_HILIC_358: Height,BRYU005_Pos_SA0169_QE2_HILIC_360: Height,BRYU005_Pos_SA0188_QE2_HILIC_362: Height,BRYU005_Pos_SA0149_QE2_HILIC_364: Height,BRYU005_BK_Pos_QE2_HILIC_366: Height,BRYU005_QC_16_Pos_QE2_HILIC_368: Height,BRYU005_Pos_SA0168_QE2_HILIC_370: Height,BRYU005_Pos_SA0183_QE2_HILIC_372: Height,BRYU005_Pos_SA0206_QE2_HILIC_374: Height,BRYU005_Pos_SA0157_QE2_HILIC_376: Height,BRYU005_Pos_SA0177_QE2_HILIC_378: Height,BRYU005_Pos_SA0159_QE2_HILIC_380: Height,BRYU005_Pos_SA0213_QE2_HILIC_382: Height,BRYU005_Pos_SA0212_QE2_HILIC_384: Height,BRYU005_Pos_SA0171_QE2_HILIC_386: Height,BRYU005_Pos_SA0173_QE2_HILIC_388: Height,BRYU005_BK_Pos_QE2_HILIC_390: Height,BRYU005_QC_17_Pos_QE2_HILIC_392: Height,BRYU005_Pos_SA0152_QE2_HILIC_394: Height,BRYU005_Pos_SA0190_QE2_HILIC_396: Height,BRYU005_Pos_SA0162_QE2_HILIC_398: Height,BRYU005_Pos_SA0182_QE2_HILIC_400: Height,BRYU005_Pos_SA0200_QE2_HILIC_402: Height,BRYU005_Pos_SA0214_QE2_HILIC_404: Height,BRYU005_Pos_SA0167_QE2_HILIC_406: Height,BRYU005_Pos_SA0203_QE2_HILIC_408: Height,BRYU005_Pos_SA0145_QE2_HILIC_410: Height,BRYU005_Pos_SA0158_QE2_HILIC_412: Height,BRYU005_BK_Pos_QE2_HILIC_414: Height,BRYU005_QC_18_Pos_QE2_HILIC_416: Height,BRYU005_Pos_SA0148_QE2_HILIC_418: Height,BRYU005_Pos_SA0211_QE2_HILIC_420: Height,BRYU005_Pos_SA0178_QE2_HILIC_422: Height,BRYU005_Pos_SA0164_QE2_HILIC_424: Height,BRYU005_Pos_SA0163_QE2_HILIC_426: Height,BRYU005_Pos_SA0205_QE2_HILIC_428: Height,BRYU005_Pos_SA0210_QE2_HILIC_430: Height,BRYU005_Pos_SA0209_QE2_HILIC_432: Height,BRYU005_Pos_SA0185_QE2_HILIC_434: Height,BRYU005_Pos_SA0156_QE2_HILIC_436: Height,BRYU005_BK_Pos_QE2_HILIC_438: Height,BRYU005_QC_19_Pos_QE2_HILIC_440: Height,BRYU005_Pos_SA0160_QE2_HILIC_442: Height,BRYU005_Pos_SA0198_QE2_HILIC_444: Height,BRYU005_Pos_SA0184_QE2_HILIC_446: Height,BRYU005_Pos_SA0172_QE2_HILIC_448: Height,BRYU005_Pos_SA0202_QE2_HILIC_450: Height,BRYU005_Pos_SA0154_QE2_HILIC_452: Height,BRYU005_Pos_SA0151_QE2_HILIC_454: Height,BRYU005_Pos_SA0146_QE2_HILIC_456: Height,BRYU005_Pos_SA0187_QE2_HILIC_458: Height,BRYU005_BK_Pos_QE2_HILIC_460: Height,BRYU005_QC_20_Pos_QE2_HILIC_462: Height,BRYU005_Pos_SA0201_QE2_HILIC_464: Height,BRYU005_Pos_SA0170_QE2_HILIC_466: Height,BRYU005_Pos_SA0197_QE2_HILIC_468: Height,BRYU005_Pos_SA0147_QE2_HILIC_470: Height,BRYU005_Pos_SA0193_QE2_HILIC_472: Height,BRYU005_Pos_SA0155_QE2_HILIC_474: Height,BRYU005_Pos_SA0150_QE2_HILIC_476: Height,BRYU005_Pos_SA0194_QE2_HILIC_478: Height,BRYU005_Pos_SA0153_QE2_HILIC_480: Height,BRYU005_BK_Pos_QE2_HILIC_482: Height,BRYU005_QC_21_Pos_QE2_HILIC_484: Height,BRYU005_Pos_SA0191_QE2_HILIC_486: Height,BRYU005_Pos_SA0192_QE2_HILIC_488: Height,BRYU005_Pos_SA0207_QE2_HILIC_490: Height,BRYU005_Pos_SA0181_QE2_HILIC_492: Height,BRYU005_Pos_SA0208_QE2_HILIC_494: Height,BRYU005_Pos_SA0179_QE2_HILIC_496: Height,BRYU005_Pos_SA0174_QE2_HILIC_498: Height,BRYU005_Pos_SA0176_QE2_HILIC_500: Height,BRYU005_Pos_SA0165_QE2_HILIC_502: Height,BRYU005_BK_Pos_QE2_HILIC_504: Height,BRYU005_QC_22_Pos_QE2_HILIC_506: Height,BRYU005_Pos_SA0186_QE2_HILIC_508: Height,BRYU005_Pos_SA0180_QE2_HILIC_510: Height,BRYU005_Pos_SA0204_QE2_HILIC_512: Height,BRYU005_Pos_SA0215_QE2_HILIC_514: Height,BRYU005_Pos_SA0189_QE2_HILIC_516: Height,BRYU005_Pos_SA0175_QE2_HILIC_518: Height,BRYU005_Pos_SA0161_QE2_HILIC_520: Height,BRYU005_Pos_SA0199_QE2_HILIC_522: Height,BRYU005_Pos_SA0216_QE2_HILIC_524: Height,BRYU005_BK_23_Pos_QE2_HILIC_526: Height,BRYU005_QC_23_Pos_QE2_HILIC_528: Height
1_Methionine_d8,5251958.0,8419060.0,9180837.0,10006559.0,8993450.0,9527146.0,10233295.0,6671995.5,6891276.0,8955331.0,6444235.0,10026477.0,7892230.5,9533214.0,9242653.0,6972109.5,8581997.0,9297286.0,9094455.0,8672963.0,9158821.0,8746769.0,8358093.5,9722985.0,6440508.5,4971639.0,5537724.5,9654029.0,5971384.5,10055277.0,9433542.0,9028711.0,9333358.0,9595763.0,10076609.0,6603512.0,8028129.0,7604565.0,9167768.0,8552748.0,8517775.0,9950496.0,10956210.0,9504067.0,6128432.0,6358396.5,9341676.0,8293476.5,6460279.5,8233461.5,8380632.5,8249969.5,6091149.5,8860947.0,6093189.5,6323297.5,6302640.5,6168573.5,8611222.0,8664556.0,6805787.0,8054324.5,6758916.0,5961905.0,8325838.5,8832955.0,10280887.0,6800134.0,6118177.0,8762395.0,6312253.5,8678697.0,6942835.0,8348619.0,8421191.0,8501072.0,5837886.5,9045263.0,8830762.0,9231337.0,8301584.0,6489994.5,5862058.5,10356491.0,6546873.0,8438370.0,9521217.0,10457227.0,4696839.5,8849934.0,9006261.0,9455462.0,8722891.0,4541092.0,9847182.0,4423343.5,5975799.5,7769989.0,4740996.5,8889460.0,9366937.0,9023640.0,7125613.0,7962842.5,5815300.0,9992109.0,11057317.0,12222268.0,6187683.5,8041034.0,8612179.0,4383137.5,4856760.5,6854143.5,4864203.0,7589381.5,8753799.0,8423060.0,8554825.0,4835002.0,6744943.0,7863686.0,9159027.0,5606686.5,6166265.5,5249430.0,9356618.0,9457593.0,4598852.0,4970346.0,10436500.0,5256754.0,6586431.5,8368078.0,6689189.0,7897933.5,10129181.0,10304654.0,5748403.0,,8453296.0,4769371.0,5806093.5,4150853.5,6105538.0,7454523.5,5125124.0,9404607.0,6278071.5,10846720.0,7481470.5,4749982.0,9852930.0,5037408.5,4364132.0,5196630.5,6625066.5,7337429.0,5159437.5,8288255.5,5023917.5,4584961.5,10039341.0,9344595.0,5014105.0,7767446.0,7424005.5,7569372.5,6966682.0,7581402.5,,9387129.0,9361471.0,8235015.5,9287389.0,8498408.0,9800144.0,12020466.0,8783409.0,4829219.5,6615256.5,7395201.5,4810174.5,8875622.0,5003166.0,9317398.0,8831725.0,8766774.0,5599954.0,8996486.0,10250288.0,9038867.0,6078437.5,8377815.0,8450562.0,9442757.0,5163223.5,5151906.0,8657826.0,9988965.0,4732727.5,4390059.5,12653070.0,5001160.5,6827716.5,7643149.5,8685581.0,9273873.0,5702612.5,8905709.0,10029893.0,9420611.0,4935938.0,5183787.0,4906174.0,8952659.0,6181265.5,8345295.5,4896669.5,8896947.0,4481360.5,8351427.5,5478702.5,5884213.5,4802034.5,10255771.0,8801412.0,6890307.5,8183659.0,8710170.0,11253816.0,8145148.0,10570023.0,12440292.0,4741810.0,5124174.5,10928628.0,9361162.0,6588545.5,7548259.0,4603268.5,4944630.5,9486997.0,8800405.0,4420337.0,4640688.5,8900801.0,8447939.0,5031902.5,6510861.0,7812611.0,4810361.5,9603513.0,8871019.0,5178964.5,5137074.0,5790356.0,4866549.5,5710097.0,4815018.0,6786455.0,7414484.5
1_1_Methylnicotinamide_d3,40719924.0,49417188.0,46282732.0,53702724.0,28857860.0,30043938.0,28963206.0,48274336.0,47655532.0,48307360.0,46846892.0,51574920.0,49052588.0,53370756.0,48493312.0,49059056.0,48081792.0,46584768.0,29757618.0,47865960.0,47878840.0,47400376.0,28617720.0,49600928.0,48248176.0,44689196.0,27888622.0,29052972.0,50841736.0,45139828.0,48900492.0,46406660.0,49088908.0,50873728.0,47735648.0,28893418.0,49738104.0,50039616.0,46583840.0,28751834.0,49330972.0,27936718.0,49977916.0,52332696.0,48523112.0,30430336.0,45111684.0,46206628.0,43521412.0,47337248.0,47435816.0,50592400.0,45405764.0,47595540.0,29744964.0,46880596.0,29858836.0,45302880.0,29177462.0,48691960.0,46479824.0,47815344.0,50543508.0,28080854.0,46672496.0,45480120.0,50430552.0,45658928.0,28931618.0,46670888.0,29923082.0,45334104.0,46808612.0,47222624.0,46259536.0,47652944.0,46099520.0,48088304.0,46511600.0,48853172.0,47915860.0,29556558.0,46264472.0,48621904.0,42873344.0,44893472.0,48115552.0,47123432.0,48405740.0,45790168.0,48132388.0,49508216.0,47159976.0,49679332.0,50226200.0,45486700.0,40323808.0,46405676.0,47524660.0,48334752.0,47410556.0,49351520.0,45519924.0,49452268.0,46280280.0,52536284.0,51733708.0,58654020.0,43331432.0,42628228.0,44254304.0,48073392.0,48547012.0,59314532.0,48159664.0,47349892.0,43153660.0,47072084.0,47152620.0,44748532.0,44540380.0,46562316.0,47301708.0,28587532.0,47715576.0,53078656.0,46369232.0,44807456.0,44871812.0,45976104.0,49744612.0,52286364.0,44863304.0,48605656.0,46186544.0,46080112.0,51307464.0,50373308.0,29481970.0,,46012348.0,45107916.0,48804460.0,43029676.0,41790168.0,45559644.0,48318616.0,43522228.0,47516056.0,52170676.0,46039492.0,29225184.0,49656804.0,46683632.0,48349520.0,48534276.0,46275092.0,45554580.0,48894128.0,46480540.0,47160480.0,44959176.0,51010224.0,51945592.0,44410568.0,46225260.0,47698996.0,46283288.0,45269276.0,42904636.0,,45023588.0,45445048.0,46869820.0,46082504.0,44327028.0,52634956.0,52950704.0,45795896.0,45188612.0,45684744.0,43462580.0,48517332.0,45137700.0,45931268.0,47032512.0,46676860.0,46852924.0,30112156.0,47330584.0,47316864.0,47041840.0,42762784.0,43992856.0,46727564.0,45625260.0,50604824.0,45444232.0,47126856.0,46241460.0,48647172.0,46648352.0,51091764.0,47575480.0,45261388.0,43955348.0,48015164.0,46553880.0,46861764.0,46328916.0,46911760.0,46810728.0,47791992.0,50381084.0,45497240.0,45969472.0,44251240.0,44232136.0,46306648.0,43744216.0,46728248.0,46057500.0,45251548.0,46757352.0,46203156.0,49414144.0,48429968.0,43237144.0,43768460.0,48421744.0,47777176.0,45629408.0,48112092.0,52378968.0,46144168.0,45808920.0,51048876.0,48675728.0,45917304.0,40145656.0,44055936.0,45262284.0,45391368.0,45650256.0,45101668.0,47271000.0,44223068.0,43678068.0,38866412.0,43127620.0,45819492.0,43706452.0,48418976.0,47601328.0,42194280.0,38972956.0,43751220.0,46968636.0,44474792.0,45002488.0,42263776.0,40929516.0
1_Creatinine_d3,176846128.0,190480640.0,192321456.0,141092448.0,201284224.0,215374592.0,207225424.0,190861392.0,201165152.0,193860944.0,200595376.0,230973632.0,200794272.0,203550464.0,195670608.0,191448736.0,160745776.0,188287920.0,209729184.0,202398048.0,181864704.0,191035936.0,201733056.0,133690872.0,187562176.0,155730784.0,199699520.0,195791040.0,181821984.0,188135056.0,198230720.0,182095808.0,197188016.0,188526032.0,193856416.0,197628800.0,199901312.0,197293440.0,176734304.0,188425056.0,195296400.0,205817632.0,219653120.0,130251360.0,184449136.0,200040944.0,183919728.0,190288528.0,173386256.0,186961616.0,181117184.0,176505136.0,181650960.0,187738160.0,193667344.0,187824432.0,201128896.0,189444768.0,195518640.0,179723136.0,181538112.0,185578752.0,189816320.0,197765808.0,155418416.0,193028304.0,134427696.0,178662272.0,196184064.0,175624288.0,199576048.0,184200880.0,178525648.0,181451360.0,186655776.0,185506400.0,178025872.0,194715520.0,146225968.0,176289648.0,182023056.0,185454096.0,177355984.0,216535136.0,172243312.0,174481472.0,123855776.0,132780360.0,190593360.0,187961904.0,188834704.0,182555200.0,186886928.0,189017888.0,194767072.0,190571152.0,153970784.0,181991520.0,187184400.0,186904208.0,187627392.0,179964400.0,189938144.0,188833472.0,83700248.0,80211008.0,87634560.0,236853008.0,170041424.0,176511376.0,186856928.0,188088448.0,195425200.0,228994080.0,195723040.0,175880512.0,188033728.0,184502432.0,190191536.0,186388032.0,177140256.0,171951136.0,182949904.0,177544672.0,179268768.0,210809040.0,196305904.0,179285536.0,185955008.0,178111696.0,82756000.0,220777248.0,181555248.0,178645168.0,180303152.0,190648848.0,85896056.0,210873888.0,189957360.0,,195548672.0,176741936.0,198896944.0,177943664.0,161506704.0,166138800.0,181578544.0,180298192.0,89332528.0,73588088.0,181989472.0,188243888.0,201722944.0,188730064.0,173968000.0,90265872.0,182601184.0,176416752.0,190958768.0,179730784.0,181780016.0,178666496.0,198910176.0,77473296.0,176085920.0,171481008.0,183566064.0,167547856.0,173032032.0,161692736.0,,186258864.0,171198720.0,176515872.0,181636096.0,94836448.0,207210112.0,106022024.0,181306816.0,175963504.0,165917744.0,169944224.0,185334256.0,167842768.0,181382592.0,175448608.0,177387008.0,169595296.0,184197056.0,186042064.0,195268976.0,170337120.0,167146208.0,162145952.0,180699392.0,174731920.0,181874320.0,172471152.0,174799696.0,177465024.0,184331904.0,176516384.0,87174728.0,175708448.0,171261712.0,166501680.0,93225696.0,188365520.0,184051616.0,173363616.0,189683392.0,166729088.0,176565760.0,193557168.0,188960944.0,174447840.0,167586784.0,171096144.0,178032736.0,167083360.0,168409408.0,95840832.0,178531952.0,182803600.0,169179424.0,86357288.0,176285424.0,160036736.0,167454496.0,177386752.0,84594864.0,174370864.0,198637312.0,90789936.0,168759312.0,174155760.0,83822776.0,179234304.0,163346368.0,150842752.0,179011808.0,181896000.0,173370960.0,167217168.0,176388704.0,180282160.0,175869824.0,175193328.0,181659824.0,159716976.0,171273040.0,176494992.0,168977808.0,177468656.0,165859296.0,170094800.0,156173424.0,180537808.0,166725440.0,171146528.0,159774288.0,161333376.0
1_Carnitine_d3,366954464.0,359917824.0,353452352.0,174984528.0,358409280.0,378861472.0,398214272.0,415885472.0,462211360.0,427518976.0,432542720.0,236608368.0,498252032.0,430309376.0,403735968.0,395042304.0,207696128.0,348934976.0,380126176.0,366153536.0,407899488.0,336920576.0,365248448.0,173865232.0,460669920.0,294192032.0,392502912.0,382934080.0,362068768.0,417049184.0,438431328.0,396463968.0,370927168.0,390102560.0,375877600.0,408322464.0,478709376.0,377525824.0,378004512.0,347426880.0,396552768.0,385657728.0,232863552.0,143924512.0,416643776.0,414082336.0,392491872.0,421099392.0,470646464.0,359514912.0,419967424.0,403375264.0,412941248.0,383726144.0,418479488.0,442845856.0,418556192.0,409633824.0,363256064.0,423599680.0,458007904.0,369566336.0,413315072.0,426394464.0,204480736.0,413814304.0,146268912.0,402197600.0,437838688.0,365491648.0,419296128.0,378866240.0,476491808.0,370978176.0,333915680.0,411429440.0,400678048.0,387267744.0,203154288.0,409079360.0,390060096.0,430896000.0,418359968.0,208607120.0,471071712.0,343215936.0,141576160.0,166627056.0,508495616.0,388148320.0,418985472.0,353730432.0,377017600.0,463988448.0,430156320.0,514205312.0,410603872.0,356208672.0,428175968.0,422197408.0,380528416.0,369349664.0,435370688.0,366773728.0,232317712.0,240183056.0,199652992.0,499337472.0,444266848.0,353305120.0,407669760.0,494084544.0,443613344.0,551381312.0,437639648.0,446713088.0,350726048.0,441653120.0,437927904.0,421106048.0,475547168.0,350288128.0,400149536.0,384678624.0,468243680.0,503963456.0,381680448.0,415067648.0,408036032.0,426642080.0,201902752.0,514293184.0,473812576.0,390601408.0,481670304.0,473486400.0,232919328.0,243041232.0,407422880.0,280814.71875,404040832.0,403575040.0,461417856.0,451888064.0,429008096.0,329300160.0,470150496.0,366924896.0,218472352.0,168352896.0,441687424.0,416769376.0,242581632.0,418034336.0,412632576.0,219036128.0,474285984.0,362095392.0,458466240.0,446662208.0,415893248.0,416867840.0,244025488.0,240894736.0,454921536.0,485880224.0,478692320.0,451434208.0,482341312.0,314213600.0,275135.8125,375525408.0,409596800.0,449353568.0,404320608.0,164418768.0,252149536.0,257203264.0,394414176.0,464425504.0,495106496.0,337132768.0,411821600.0,415398880.0,439199232.0,427974112.0,497236800.0,439734688.0,391459904.0,392729376.0,251590720.0,469423808.0,454345248.0,332593120.0,379167456.0,405562720.0,480279040.0,422734528.0,395493824.0,404060160.0,427256160.0,431940192.0,265605744.0,448063200.0,491838304.0,352224192.0,173038272.0,423799072.0,505754880.0,404215808.0,396798912.0,413349888.0,458894016.0,479884672.0,463182496.0,374810592.0,467186592.0,363055296.0,441734784.0,467408288.0,418118112.0,182723104.0,514721280.0,534785024.0,487556704.0,264196960.0,393714240.0,474364704.0,359716352.0,526472384.0,241952752.0,450599232.0,257369248.0,246936352.0,455026720.0,464341344.0,249374272.0,515036960.0,476017984.0,319055520.0,399258112.0,437351648.0,421528768.0,399327424.0,423085472.0,453114752.0,445940992.0,380809280.0,446155040.0,460375680.0,371305792.0,473151008.0,377406656.0,381743872.0,425586560.0,410390336.0,470028928.0,445844288.0,486521856.0,417728384.0,478286848.0,335373216.0
1_Acetylcarnitine_d3,292234976.0,345563840.0,304678720.0,269430432.0,328952256.0,310144064.0,324746464.0,309251776.0,318297952.0,330162144.0,327480544.0,330723712.0,368342400.0,368073472.0,329822496.0,352920128.0,254830464.0,321241056.0,335185792.0,326332608.0,316061824.0,328160000.0,330959776.0,255610144.0,329838848.0,316812896.0,319980640.0,322554912.0,337880704.0,321485728.0,331874944.0,333357408.0,331369376.0,333454752.0,324193376.0,329057504.0,369271840.0,341859968.0,315976160.0,328358496.0,337696896.0,308055392.0,302759840.0,241389056.0,312407744.0,326952608.0,310061312.0,312858528.0,298366528.0,333089120.0,272994368.0,325792576.0,287565920.0,324211680.0,325052928.0,334672704.0,307816032.0,310144224.0,321105600.0,297480096.0,332102944.0,352657568.0,301744064.0,315872352.0,262894928.0,315919584.0,250003056.0,334536064.0,331738016.0,319230272.0,314797056.0,318930464.0,352597376.0,330102464.0,298952992.0,338077568.0,331672160.0,322880096.0,243344192.0,330921216.0,289291264.0,312081664.0,305810176.0,318487328.0,258511056.0,320735744.0,239795680.0,260132384.0,325990880.0,324323616.0,326323680.0,330891136.0,322735168.0,331116160.0,347377280.0,329847936.0,278242688.0,351572896.0,313046624.0,324794688.0,334212704.0,319842496.0,338934144.0,308064480.0,306189824.0,344119008.0,361071840.0,413388736.0,324593024.0,324162752.0,317879520.0,330976864.0,337736608.0,469037536.0,322635168.0,325653824.0,317193120.0,308444160.0,304981312.0,306134880.0,310004384.0,333617216.0,322049664.0,326346528.0,326172544.0,380543776.0,323579424.0,329157472.0,296864672.0,294986784.0,324848320.0,404017792.0,309383936.0,321755360.0,326022176.0,325446976.0,336306976.0,301260000.0,322709536.0,,316321984.0,320157184.0,343196800.0,302717952.0,298322560.0,310892640.0,332158656.0,302463200.0,304715424.0,369592672.0,291178368.0,310425216.0,300024384.0,318521280.0,312740224.0,322861408.0,346643680.0,311242560.0,323501600.0,315147968.0,311761152.0,311041760.0,315791584.0,373601504.0,313058176.0,316350656.0,356463168.0,308283136.0,340052320.0,301699744.0,,332013280.0,315840544.0,323486080.0,341374688.0,340434816.0,321937056.0,351809984.0,301995872.0,330601952.0,337212160.0,338505792.0,306692896.0,322887232.0,326295168.0,328536064.0,354675968.0,341190816.0,316401472.0,350801728.0,323688384.0,321226272.0,320956032.0,332316288.0,286313760.0,340724192.0,351702720.0,318150656.0,303773152.0,321958304.0,318714592.0,322460928.0,349818080.0,342177376.0,324405120.0,337534048.0,334783808.0,346300448.0,305801056.0,319896608.0,329459008.0,333956128.0,341219904.0,334119648.0,341400832.0,317665408.0,316306816.0,356638816.0,329448288.0,304338368.0,314068960.0,338830240.0,304658432.0,316661120.0,292527424.0,359047232.0,333198720.0,313029088.0,324210816.0,346218176.0,338418112.0,318583360.0,342509600.0,349057504.0,324509184.0,322870368.0,365218144.0,325688320.0,310834016.0,276599744.0,325018432.0,305228992.0,335156512.0,306970240.0,316943744.0,340919776.0,312099968.0,317996544.0,313528320.0,315907296.0,325035392.0,335548608.0,331014272.0,340631904.0,301847008.0,311442848.0,319596128.0,340411488.0,298614016.0,319371424.0,322092064.0,324969568.0
1_TMAO_d9,58665112.0,78456872.0,83232280.0,90007392.0,83318128.0,83859104.0,82004912.0,86335616.0,82408536.0,83096696.0,83938656.0,85462032.0,82563456.0,84104352.0,88018704.0,85125968.0,84112520.0,86748264.0,83412088.0,76674808.0,83170184.0,86653600.0,83479664.0,85879480.0,83067192.0,82106888.0,84394552.0,85617472.0,87849960.0,84708608.0,87204328.0,82321760.0,85020944.0,85573080.0,82951064.0,82871504.0,86860480.0,83656176.0,83729760.0,87653824.0,81709528.0,81569472.0,85394296.0,87851408.0,83028536.0,82276088.0,79089448.0,82165272.0,74058776.0,79339192.0,79679472.0,82860016.0,89248288.0,82812744.0,83637800.0,80310800.0,84585232.0,82290048.0,79481736.0,82730608.0,85997488.0,78039200.0,87520800.0,80839912.0,77935528.0,82201552.0,85450400.0,83789936.0,81213648.0,80166560.0,83709224.0,82354184.0,82355568.0,77366480.0,84987240.0,82438624.0,81238416.0,88236040.0,80610280.0,82599608.0,82099016.0,81267944.0,81751944.0,83544008.0,83120648.0,76130056.0,82602648.0,84747808.0,85679328.0,80009048.0,81848856.0,84898408.0,83115712.0,87607944.0,89764008.0,84266184.0,73086256.0,81265664.0,84093936.0,84878776.0,84474720.0,85286848.0,86202704.0,80275920.0,71725416.0,88561016.0,86667976.0,108909336.0,77915768.0,80278600.0,83423648.0,86567800.0,87411768.0,108417488.0,82641784.0,81708936.0,80154728.0,82643944.0,78887216.0,86761744.0,80796504.0,76945688.0,85627080.0,80055152.0,86786264.0,95311200.0,82798384.0,80173776.0,81857792.0,81078192.0,90792464.0,98303328.0,85526512.0,81695848.0,82397912.0,84428688.0,86502912.0,82982392.0,80778456.0,,79952536.0,84306784.0,86744336.0,83272536.0,76433944.0,76832536.0,85663696.0,81619312.0,71302856.0,88235400.0,82123840.0,84965808.0,82258232.0,82882264.0,86208104.0,74930920.0,80171272.0,77849264.0,83827984.0,86247480.0,82022144.0,81530664.0,89357488.0,89307224.0,84556936.0,82982496.0,87405112.0,83472968.0,83931064.0,75963480.0,,82822536.0,82589656.0,84762928.0,84394688.0,70043144.0,82456432.0,89704984.0,84324776.0,86155160.0,81383336.0,79297896.0,84906576.0,81919528.0,83931920.0,85806064.0,87652104.0,81866144.0,83523040.0,80019104.0,87113696.0,87784416.0,78351024.0,78440176.0,85335304.0,82022224.0,87253664.0,89450760.0,89971688.0,84849296.0,86064560.0,87576848.0,91102920.0,84943080.0,85606960.0,80136320.0,71178312.0,87224008.0,81537608.0,83534792.0,81866648.0,82716552.0,88949328.0,88673728.0,86083368.0,84419520.0,81965152.0,77707672.0,85990272.0,83189664.0,83803392.0,72514536.0,82770064.0,90110208.0,82309872.0,87287056.0,87089808.0,82633112.0,80749736.0,88898008.0,88854768.0,84540520.0,87704664.0,86399000.0,87220256.0,84795624.0,89460776.0,87005536.0,86097736.0,78624136.0,84641392.0,82945744.0,85455616.0,82937784.0,79604328.0,86964984.0,82142936.0,80754312.0,85226216.0,80670376.0,82936448.0,85886768.0,86950488.0,83595808.0,86867496.0,80347120.0,80523928.0,87645464.0,79862584.0,85254992.0,84458784.0,76898312.0
1_Choline_d9,6508504.5,8113066.0,7939252.5,6306796.5,8494728.0,8501920.0,8256870.0,8125851.0,8191583.0,8391299.0,7833283.0,7127491.5,8281200.0,9070392.0,8276773.0,8227287.5,7280340.5,8249117.0,8576519.0,8235942.0,8148719.5,8284783.0,8218176.5,6458355.5,8051635.5,8095443.0,8064717.5,8146834.5,9816657.0,8491658.0,8334244.0,8552132.0,8405240.0,8744237.0,8137921.5,7972414.5,8335844.0,8018952.5,8008478.0,9226056.0,8111857.5,8302521.5,7347584.0,5960014.5,8149604.5,8069362.5,8286556.5,8258814.0,7091354.5,8071755.0,8209437.0,8313129.0,8288014.5,8337012.5,7883482.5,8357163.0,8083243.5,7982174.0,8393944.0,8326261.0,7751599.0,8472156.0,8238549.0,8020760.0,7438438.5,8193814.0,6072782.0,8185277.0,8195707.5,8299392.0,7986121.0,8207109.5,7940332.0,8566184.0,8091118.5,8240086.5,8203694.5,8278628.0,7443512.5,8450017.0,8483490.0,8260181.0,7952197.0,7493116.0,7410313.5,8098943.0,5936341.5,6305449.0,8521587.0,8369905.0,8138209.0,8485203.0,8589005.0,8270598.5,9165159.0,8296348.0,7141002.0,8509508.0,8100432.5,8239592.0,8717669.0,8168423.5,8576468.0,8264123.0,8192637.5,8800264.0,8697440.0,10491581.0,7828282.5,8518764.0,8402620.0,8304895.0,8803047.0,10911653.0,8165526.5,8310461.0,8517941.0,8428154.0,8516015.0,8431230.0,8148279.0,8332439.0,8509286.0,8301959.0,8661692.0,9752224.0,8521118.0,8336289.0,8202937.0,8553865.0,9020411.0,9774785.0,7976885.0,8798609.0,8619308.0,8592190.0,8866234.0,7383768.0,8415456.0,,8295052.0,8140263.5,8881413.0,8323684.0,6909582.0,8299722.0,8858161.0,8164391.0,7831664.0,8824153.0,8524350.0,8208072.5,7715131.5,8642670.0,8506800.0,8248286.5,7864638.0,8185962.5,8529485.0,8448859.0,7990883.0,8302106.5,7230385.5,8907794.0,8788755.0,8507811.0,9009871.0,8684105.0,8126361.0,7977789.0,,8447767.0,8234003.5,8670981.0,8033189.5,7484037.5,7928149.0,8507630.0,8754575.0,8646040.0,8208071.0,8057408.0,8350569.0,8225947.0,8279287.0,8995335.0,8547854.0,8611978.0,8081840.0,8693479.0,7934387.5,8553618.0,7945695.0,8373171.5,8611489.0,8709928.0,8699871.0,8619693.0,9066930.0,8430397.0,8527934.0,8901600.0,9132323.0,8479206.0,8312061.0,8062417.0,7878619.0,8711970.0,8537080.0,8951542.0,8834437.0,8789641.0,8945665.0,9089422.0,8732213.0,8604362.0,7921886.5,8639265.0,8917385.0,8033860.0,8155034.5,7798943.5,8569084.0,8689051.0,8171654.0,8477193.0,8598145.0,7761217.5,8206824.5,9262068.0,8481169.0,8496951.0,7714954.5,8657610.0,8666592.0,8526185.0,8554198.0,8977139.0,7779676.5,7744769.5,8212505.0,8160594.5,8515712.0,8655701.0,8317354.0,8609571.0,8456094.0,8784840.0,8126096.5,7860680.0,8636519.0,8724103.0,8706519.0,8490092.0,8054823.0,8137200.0,8109659.0,8437802.0,8431245.0,8559653.0,7913580.5,7918679.0
1_CUDA,9212946.0,9816061.0,7770449.0,10019554.0,7784819.5,7856008.5,7786638.5,6408708.0,6607974.5,8038372.5,7637874.5,11434982.0,8027957.5,12804588.0,11182078.0,8361133.0,1094649.0,9088508.0,7692697.5,5535297.0,10549066.0,11124844.0,9146150.0,12641971.0,9416579.0,9181851.0,10493261.0,8262708.0,9041841.0,8022804.0,8838580.0,7341104.0,7627712.5,7020528.5,7095232.5,7184222.5,8045102.0,9414429.0,7551851.0,7512573.0,7307610.5,8084205.5,10302834.0,9530732.0,7444709.5,7318720.5,6519445.0,7504117.5,6938432.5,10252911.0,6891191.5,7070874.0,6429151.0,6134472.5,6947430.0,6960477.0,6372105.0,6543069.0,6856268.0,7337914.5,8902695.0,10475052.0,6494503.5,6265762.5,1318714.0,7321749.0,10421806.0,5161075.5,6641811.5,7294209.0,6864914.5,7314256.5,7459314.0,10632860.0,6078739.0,6858829.5,6240997.5,7287487.0,1288865.5,7116898.5,6318717.0,6352241.5,6657428.0,9761199.0,6836866.5,9266576.0,10443769.0,7945619.0,11699491.0,6833566.0,6377230.5,9752686.0,5675285.0,10748101.0,7701708.5,11772915.0,6722820.0,10516978.0,8848833.0,12438443.0,7590492.5,6877533.0,11634543.0,9553889.0,2437696.0,5904712.5,4564256.0,13317769.0,7652030.0,10018048.0,12564291.0,11087287.0,7262069.5,14515775.0,10772960.0,10301023.0,8930610.0,12600872.0,11864387.0,10634338.0,7338819.5,10631697.0,11252553.0,9329413.0,13021041.0,13080377.0,6745679.5,5569511.0,7664285.0,7939104.5,5222215.0,9350766.0,6612345.0,11439238.0,10761341.0,12304566.0,5590630.0,9742985.0,10307082.0,,13501329.0,10463915.0,7715844.5,11588369.0,7570109.0,10769341.0,8069186.5,7424117.5,2550124.75,5755180.0,11105588.0,9203859.0,9818446.0,7176287.0,10531824.0,2312035.75,7878688.0,9683266.0,12603439.0,12788649.0,6835855.0,7711129.5,10736465.0,5797325.0,13193962.0,10805842.0,12421207.0,10215066.0,8710333.0,8515804.0,,6585911.0,11047839.0,12468297.0,11187478.0,2977445.25,10847955.0,6574508.0,12399560.0,6990918.5,8258982.5,8716680.0,9536687.0,7685551.0,6628614.5,12594199.0,13376748.0,7358363.5,12128178.0,11172954.0,9895105.0,8611564.0,7980619.0,10645241.0,7406149.5,11208284.0,8299706.0,8071833.5,8602386.0,10369084.0,13193031.0,11747092.0,6683867.5,7292486.0,9131469.0,9941196.0,2766568.75,8864165.0,11920129.0,10963244.0,8552189.0,12368814.0,9400919.0,9485505.0,9055488.0,8083496.5,8943798.0,10888156.0,8054582.5,8430731.0,7985555.5,2971519.25,13532340.0,14990903.0,15862575.0,6843105.0,7309145.0,8669698.0,10176453.0,13627707.0,6994208.0,7501635.5,10114316.0,6832167.0,11869021.0,7885261.0,6683744.0,13072623.0,8171842.5,9940230.0,13952140.0,9983192.0,8091679.0,11462192.0,8271739.5,12417004.0,7960753.0,7663582.0,13419740.0,8480549.0,11055703.0,9428834.0,8235990.0,7722296.5,12511776.0,11665140.0,14028948.0,9885801.0,15035864.0,8653953.0,9183816.0,10523868.0
1_Glutamine_d5,24741820.0,28022018.0,34272160.0,10983707.0,32430646.0,36343272.0,35142492.0,39212444.0,37137200.0,31217364.0,37186468.0,16576195.0,30221412.0,30895370.0,31539802.0,39461352.0,11751215.0,31643858.0,31958848.0,31429902.0,28677850.0,28994700.0,29430150.0,10261543.0,27295138.0,23316140.0,35123560.0,30607312.0,30616850.0,34041348.0,31056030.0,33840668.0,33442230.0,33946152.0,32325222.0,38858172.0,34145452.0,29318824.0,31661016.0,33474614.0,29915994.0,33434986.0,15889656.0,9863131.0,33681416.0,38187644.0,29619780.0,30346948.0,27586510.0,26848002.0,30762794.0,31607732.0,37713468.0,33111172.0,36996612.0,37575220.0,37611924.0,37918852.0,30506030.0,32399912.0,30403734.0,27325798.0,37375832.0,35038808.0,11267156.0,31587820.0,10374365.0,36912832.0,34441256.0,30018180.0,36149448.0,30289802.0,30431432.0,25759388.0,30465388.0,32148438.0,35145856.0,32517790.0,10735088.0,32779828.0,29682496.0,35053952.0,34934668.0,15606162.0,27760980.0,26458484.0,9782186.0,11008966.0,32843176.0,31210874.0,35019076.0,37574300.0,42862512.0,34004136.0,35088852.0,33105202.0,26238768.0,26000170.0,29801804.0,30932952.0,39212644.0,38704492.0,34805968.0,42664544.0,27767518.0,27019034.0,11490940.0,51271176.0,27347614.0,26258846.0,31506938.0,34005820.0,29573994.0,42634712.0,29841418.0,32354928.0,36430344.0,37145584.0,35283456.0,36904120.0,31437124.0,26460290.0,28560096.0,37357912.0,36346836.0,37514748.0,33483090.0,32272610.0,28982988.0,28976528.0,23446246.0,32686626.0,33435610.0,28224638.0,30682538.0,36144472.0,28301224.0,14525075.0,33739736.0,,25185786.0,35195060.0,34463416.0,32157594.0,27501228.0,25434480.0,30353410.0,33361476.0,26016050.0,24350722.0,28752906.0,36290832.0,14594566.0,26136306.0,31015806.0,28103958.0,31510618.0,24915276.0,29790600.0,34188948.0,29132466.0,33939760.0,13928979.0,26331874.0,27505452.0,28484112.0,33674436.0,29754986.0,31281428.0,24527270.0,,32737774.0,39959356.0,33393062.0,36003944.0,23386286.0,15302120.0,19288616.0,31616564.0,31941652.0,29982716.0,24821534.0,37912056.0,34924280.0,36066064.0,29058596.0,35022564.0,33286622.0,33628440.0,34090860.0,15179992.0,29169172.0,29522838.0,25513942.0,30000326.0,38956984.0,30020992.0,33811336.0,31539984.0,36879484.0,36391956.0,35673740.0,21102304.0,32248552.0,33009234.0,23382828.0,26060752.0,34213388.0,34497588.0,33943500.0,35795420.0,29407592.0,31009990.0,33171908.0,31684270.0,38618832.0,30380360.0,26168352.0,30077544.0,32583028.0,26791260.0,25456628.0,35027596.0,35402176.0,27818986.0,25052506.0,31830378.0,30978604.0,26671748.0,36374656.0,24201922.0,27615122.0,14767610.0,20531216.0,31541346.0,32019826.0,26068386.0,34404860.0,30091134.0,23173234.0,35196744.0,32889940.0,36530648.0,30694280.0,29924672.0,34100372.0,32498602.0,29643088.0,32177968.0,30310188.0,28302830.0,28676588.0,37480792.0,34718708.0,38591980.0,31346408.0,29646180.0,29216682.0,31262548.0,31700990.0,33890332.0,24325284.0
1_Glutamic Acid_d3,8342021.0,10305616.0,9455184.0,6021284.5,9661611.0,9547215.0,10287473.0,22248018.0,20132442.0,11043514.0,21180816.0,7975762.5,15987562.0,12176291.0,9818726.0,20634152.0,6705250.5,9429258.0,9873135.0,10814126.0,11140751.0,9947122.0,8491254.0,5971351.0,13454284.0,9739365.0,18788148.0,9784427.0,11466381.0,10503975.0,11824050.0,9617845.0,11354327.0,10862312.0,9541521.0,21537600.0,17879640.0,10442101.0,10926563.0,10923183.0,11526305.0,9977758.0,7672317.5,5597695.5,20369238.0,21905928.0,10721199.0,10830344.0,14245384.0,9915318.0,10837991.0,11343614.0,19037368.0,10864705.0,19617964.0,20829648.0,20772620.0,20410470.0,9382801.0,10830512.0,15404168.0,10218360.0,18949730.0,18939598.0,6546574.0,10159285.0,5392623.5,18592188.0,19652536.0,10733110.0,20415054.0,10797840.0,15306245.0,10477430.0,10080427.0,9162363.0,20096106.0,10960960.0,6281851.0,9921610.0,11008199.0,21076440.0,20096324.0,7282507.5,14641075.0,10448914.0,5878457.5,5903068.5,14579424.0,22546298.0,13008844.0,15949152.0,14144711.0,12793196.0,12121790.0,15479717.0,13310898.0,10803356.0,12297650.0,12305168.0,21135272.0,13213782.0,13812646.0,17092600.0,12443111.0,9989903.0,8414535.0,23475802.0,13921947.0,10432069.0,18037812.0,15368740.0,12872575.0,20258774.0,11926899.0,13686266.0,16533300.0,15712318.0,10617276.0,20096556.0,16058597.0,11022490.0,11497869.0,19815126.0,14519342.0,16293011.0,19496162.0,12370921.0,11804717.0,17302966.0,9254234.0,13942350.0,16121156.0,11803935.0,12981914.0,14023508.0,9925307.0,9565855.0,21933494.0,,10381329.0,19099248.0,15095649.0,14472842.0,13234581.0,10183468.0,12627924.0,11562673.0,11292087.0,8546009.0,11043602.0,20696820.0,9714035.0,16219732.0,13283608.0,12056980.0,14987823.0,10382079.0,12288122.0,10463864.0,11325343.0,12607115.0,10098928.0,8947505.0,11165818.0,11502442.0,13583878.0,10806101.0,15209753.0,8807682.0,,10590454.0,19158586.0,13111486.0,17991236.0,11366054.0,10030994.0,7727839.0,16589184.0,15231921.0,14438329.0,9469376.0,14099003.0,12106635.0,13175367.0,12583488.0,14894491.0,12138633.0,17339320.0,17274888.0,9782052.0,13380756.0,13480469.0,9896126.0,10685610.0,17393024.0,12845502.0,11843789.0,10909655.0,17755740.0,20398842.0,14167403.0,8718226.0,11844941.0,14267647.0,9460237.0,11310653.0,17185704.0,14515111.0,16841624.0,18703276.0,11219203.0,11898794.0,11948681.0,11018733.0,11680326.0,12773892.0,9774688.0,10506946.0,11784198.0,9934614.0,12137551.0,14138114.0,14038984.0,11291614.0,9125465.0,16753217.0,13820337.0,9719177.0,13672339.0,9008783.0,13448504.0,9733062.0,8106658.5,12844774.0,11314962.0,10080672.0,13981288.0,13816405.0,9199777.0,19592050.0,14450942.0,12430660.0,11565342.0,11163930.0,12961757.0,11485703.0,10824563.0,19377434.0,14383876.0,10869446.0,10658129.0,12955779.0,11413713.0,20373822.0,16804674.0,12317063.0,11022685.0,13176194.0,12176905.0,14600103.0,9019446.0
1_Arginine_d7,481454.625,988648.4375,1013637.5,580715.6875,1053720.5,1082032.625,1010226.875,566555.375,547082.625,1073833.125,556447.6875,742337.4375,1238258.5,1356644.125,1001368.625,602184.0,502512.78125,1035487.4375,1031291.375,1014543.25,942259.5,1068099.75,982964.6875,549761.5,1287107.5,968800.125,528352.0625,1010228.875,890049.0625,1041711.0,1028463.5,948155.9375,1009293.75,1145665.375,981587.25,515120.3125,817220.375,1107736.5,1023736.125,1035859.3125,1028447.6875,1056726.375,695869.75,520938.75,529180.4375,584952.9375,939256.625,1022980.75,722231.375,990297.375,889377.625,1056555.75,576753.3125,996057.3125,550751.375,579268.625,576810.3125,584653.9375,915129.625,958923.4375,785260.875,1130058.625,702987.125,547287.0,484208.09375,1039790.625,554448.5625,745185.625,555173.875,1020931.0625,603205.5,955057.75,847756.625,1144411.75,1017220.9375,973040.3125,530834.5625,925122.625,499243.375,1035478.125,955754.75,565066.625,546899.375,710440.9375,1073282.75,981721.875,569637.875,599460.1875,565348.5625,1010235.4375,509256.25,984596.9375,403206.84375,515885.25,1052057.125,604950.9375,677379.5625,1063703.125,490811.3125,517580.03125,1091977.375,408863.0625,566555.0625,963841.9375,514282.6875,1554423.5,1535800.375,1308533.75,809507.625,1036259.0,1052381.75,589183.5,554689.3125,770136.0625,534308.8125,555857.3125,906484.375,575841.0,533331.5,521522.90625,766676.875,1028358.25,526027.375,566402.625,622138.875,678332.5625,1034304.0625,529332.375,476113.5,561895.25,1397349.625,634155.875,698366.875,1138317.875,477391.25,618360.625,1475611.625,736383.5,481132.71875,,518253.90625,510490.8125,576249.8125,489577.375,686007.6875,949721.9375,540145.75,503472.65625,522223.34375,1293488.5,527771.1875,552533.6875,654898.5625,527444.25,506097.03125,567496.9375,703545.5625,1020280.0625,544400.6875,491707.5,511762.53125,470143.125,696413.3125,1645489.625,569650.0,467751.125,593951.375,482098.03125,743209.75,965455.6875,,394547.375,985272.625,565369.625,947661.875,489908.40625,727424.875,1329404.25,973156.125,462787.1875,713541.0625,965949.4375,518127.125,520766.625,493126.25,534567.25,630999.3125,487952.34375,551003.375,1063464.0,770162.125,470068.9375,668242.9375,1016813.5,911484.3125,1085727.125,520547.78125,480932.0625,956560.1875,1021569.25,533598.5,592345.9375,1330716.375,497506.90625,676270.4375,979131.6875,457910.625,1006718.625,577124.8125,962119.5,1055044.375,492875.1875,508369.90625,530244.375,519634.71875,430063.78125,598124.125,1038329.3125,527777.0625,473452.125,496656.5625,428957.0,575727.0625,612335.9375,573172.1875,1424637.5,1033408.8125,665733.625,963099.125,620412.625,1436551.375,445075.125,712247.1875,1254919.5,560476.125,485210.53125,1431987.0,593189.625,692696.0625,968443.3125,488508.5625,504907.96875,519847.0625,540030.25,541375.75,584055.9375,492449.96875,1002034.125,527765.375,660922.5625,1082015.125,505953.46875,411456.0625,404356.9375,491048.0,533620.5625,574472.25,498633.71875,540227.5625,501983.1875,622066.75,975981.8125
1_Alanine_d3,25385738.0,33129522.0,40651432.0,26063866.0,44751608.0,43256920.0,45783052.0,47880388.0,52606740.0,40375628.0,47027568.0,31923126.0,50094204.0,39886092.0,43805028.0,43993892.0,28996130.0,40955948.0,43095396.0,41210080.0,38327600.0,42578928.0,42550120.0,26936262.0,47118908.0,26704512.0,48122372.0,35977724.0,41137168.0,39590452.0,40607496.0,39137440.0,44744164.0,40669336.0,42385836.0,48300516.0,50617552.0,35762416.0,40576592.0,43600884.0,37530024.0,44005468.0,31855014.0,23072934.0,46959804.0,49020296.0,35250588.0,40279616.0,45648620.0,33088660.0,40160232.0,43038892.0,48276864.0,44286388.0,43924032.0,51378544.0,48272060.0,47699036.0,43927132.0,41112392.0,47470484.0,36165140.0,43576892.0,46923760.0,28125476.0,40244648.0,22618632.0,46433220.0,49697412.0,34906180.0,50818252.0,40623356.0,48172856.0,33896536.0,38243180.0,38637248.0,48621264.0,42688700.0,29329668.0,44836916.0,41090596.0,49663180.0,48013136.0,28147472.0,45915708.0,34576868.0,24803102.0,26507532.0,43799604.0,35550896.0,35144320.0,34946984.0,31634684.0,36988344.0,39733904.0,43828352.0,45512612.0,33607556.0,33787840.0,33553534.0,37619700.0,32783338.0,33248574.0,34821576.0,29754596.0,27438258.0,25318298.0,45269204.0,48334964.0,35968940.0,37955248.0,43853412.0,36495952.0,50977576.0,32945254.0,45702320.0,32508216.0,36268956.0,39593820.0,39307016.0,47718728.0,34608592.0,30829522.0,45356128.0,43295136.0,43296632.0,34977676.0,32637412.0,35009976.0,36624360.0,25724304.0,40167968.0,48652880.0,37877096.0,44411564.0,39580036.0,29863826.0,29623294.0,42903400.0,,30458160.0,39927784.0,35072336.0,42820528.0,42021696.0,33484674.0,35504492.0,32464574.0,29311716.0,24218568.0,40058416.0,46235968.0,29620538.0,36125272.0,37473484.0,28584272.0,48380900.0,32034468.0,33927736.0,37694380.0,36781752.0,37447316.0,29328916.0,28523428.0,36244080.0,44054980.0,41605380.0,43455488.0,48398168.0,32873316.0,,31658756.0,35366584.0,33723896.0,33553994.0,29892038.0,29800082.0,23405416.0,35084080.0,42747136.0,48814784.0,32911108.0,38833488.0,33373474.0,37238392.0,32841376.0,44252952.0,31529510.0,39601456.0,35230392.0,31504986.0,42947152.0,44139332.0,31803538.0,34407336.0,35823112.0,38256520.0,36797284.0,35546640.0,32166912.0,36952776.0,37411428.0,25394434.0,37879844.0,46662172.0,32366676.0,29716892.0,36278768.0,43648972.0,33865180.0,33722324.0,31557620.0,36021640.0,38555996.0,36816756.0,30849314.0,46449296.0,34786384.0,33668992.0,44397600.0,35300876.0,28051702.0,45082880.0,47495616.0,41844976.0,28226982.0,34972144.0,44782864.0,34826116.0,43744320.0,24183118.0,43996900.0,31579628.0,24159502.0,36498860.0,45923904.0,26553270.0,45432848.0,48506656.0,32732712.0,36766092.0,39360816.0,33063058.0,30271152.0,32704016.0,37524512.0,43374616.0,36677240.0,40121484.0,47328360.0,34288008.0,37955828.0,31920874.0,31530208.0,41697852.0,39641604.0,40033788.0,37744180.0,40561676.0,39501780.0,48348532.0,33375970.0
1_Valine d8,242318.890625,745253.125,686559.4375,619011.875,712172.5,722555.375,784882.875,722243.4375,724676.875,836958.0625,692624.0,667302.375,783896.4375,908598.5625,834856.4375,647313.375,744386.0,656585.8125,818038.4375,708479.375,893593.375,666322.875,810199.4375,638809.9375,720782.75,456963.65625,554776.375,552265.6875,516808.28125,860241.125,864381.25,768139.6875,704599.5,683588.9375,725996.5,638087.1875,757659.9375,712892.5625,753886.4375,732371.0,742323.9375,827036.125,641069.875,546802.0,669347.625,651966.9375,778314.375,847085.0,675945.3125,770269.3125,822627.625,865944.5,718175.6875,815801.9375,647510.8125,802590.9375,698627.6875,740444.125,728071.75,820661.6875,711865.1875,772264.25,725182.625,764946.5,672171.0625,805491.6875,549660.5,725408.25,754313.1875,682217.875,751305.3125,751453.875,722496.0,779995.4375,678034.75,802641.9375,606237.3125,836030.625,714687.125,786181.1875,884399.1875,747718.25,743891.125,693047.5625,762546.1875,745620.25,591701.8125,593500.3125,841936.375,686507.25,756874.0625,684430.0,626673.375,616269.625,821863.0625,798681.375,621707.125,774515.875,540421.5,666892.6875,670781.625,674210.1875,727705.75,624244.5,745840.375,667392.1875,750023.1875,1038468.625,743577.0625,716423.9375,646414.5,752092.3125,631913.0625,1064077.875,617324.3125,831236.25,687430.1875,761805.5,789024.5,571287.25,692971.75,753804.75,633070.8125,591481.0625,856308.125,972861.9375,697359.3125,680356.375,578785.4375,522451.84375,608905.875,675401.1875,759156.75,824721.25,881808.5,862818.3125,650184.9375,729236.0,527565.25,,639558.625,561402.25,659615.4375,878414.8125,676201.125,716316.6875,707328.0625,610405.1875,707553.8125,597893.0,909296.8125,567004.375,667535.5,544770.875,520490.40625,772816.0625,758209.75,703215.8125,661520.25,693416.625,510285.125,498716.25,789563.5625,633622.75,869424.3125,882657.75,980663.625,867907.4375,683882.4375,680047.75,,662145.5,838779.5,686596.6875,796195.5625,653610.0625,741217.75,629026.6875,676479.875,945237.125,761172.375,732847.375,513002.78125,704792.875,579112.0,693074.9375,943895.6875,688982.9375,629839.75,609120.0625,750462.3125,895490.8125,665514.75,704847.875,692805.5,880483.4375,563677.25,518328.59375,776123.8125,768628.5625,605660.1875,684232.25,640642.375,551300.1875,758542.9375,703837.0,565219.4375,709705.8125,900471.625,640953.125,652094.9375,649386.5625,561659.0,631746.625,603120.75,610556.125,727312.5625,753678.3125,582502.3125,885688.8125,520378.71875,638793.25,809489.75,842281.6875,902394.0,636018.25,695033.0,709651.875,710624.6875,1061367.75,704001.0625,934134.6875,696089.8125,610586.1875,728353.875,835490.125,654260.0,1054128.375,705723.875,727083.125,545202.875,533480.75,697520.625,645326.5,575921.5,676013.75,853032.0625,717186.625,702543.8125,678815.5625,774722.75,574537.5,562031.625,669830.3125,563250.875,583659.375,800391.125,623434.0,868824.6875,495963.1875,688373.625,667688.5625
1_Tryptophan d5,5282190.0,2492065.25,2731135.0,3849858.5,2938680.75,3350600.25,3101230.75,2629760.5,1386805.75,2739919.25,1265300.125,3981242.0,4784905.5,2180853.0,2992821.0,1401371.375,2856545.5,2733656.5,3434703.5,2954346.25,3083944.75,2948208.25,3411910.0,3781538.25,3626105.25,2250307.0,1313671.375,2920479.25,2885036.0,2982322.5,2770545.0,2898235.0,2920255.0,2984581.5,2996526.75,1197600.625,4033267.25,2167657.0,2743441.75,3159541.25,2479510.25,2984986.75,3536235.25,3695541.75,1331657.0,1320102.0,2928265.25,3415496.0,4008269.0,2082817.25,2588218.75,2736105.75,3055782.25,2962129.25,2499878.5,1312288.875,2668569.75,2606096.75,3393915.75,2888509.5,3934006.5,2406254.0,1533982.375,1225834.5,2500113.25,2754741.5,3286415.75,1408575.5,1289049.75,3008369.5,2472496.25,2664325.5,3832899.0,2143691.5,2707646.75,3242959.25,1267189.125,2748750.75,2428136.5,2818904.25,2749262.25,1190571.625,1215565.75,3355930.75,3818651.25,2208074.0,3850472.25,3592250.5,1658643.0,2858799.0,1416161.5,3142619.5,2646973.5,1293777.375,3672980.5,1565588.625,3149444.0,2435397.5,2404698.75,2214158.0,3142602.0,2754913.25,2384746.0,3211800.25,1434012.875,1947113.75,1759995.625,1713106.375,3842255.75,2312764.5,1276013.125,1570962.75,1398356.0,1946704.875,1277213.125,1533640.375,2731518.0,1996278.125,2551467.75,2404868.75,3816298.0,2397236.75,2140750.75,1288851.25,1365747.25,1697763.125,2666538.25,1449854.75,1980421.625,1269575.375,1962405.0,3420575.75,3767141.5,1967491.125,1655992.0,1338728.125,1688183.375,3200737.25,1359173.25,,2310133.25,2344492.0,1309471.5,1956538.875,3482875.0,2327450.25,1348373.0,1499380.0,1448186.5,2134898.0,1509545.125,1275425.75,3529923.25,1216093.875,1195114.375,1559090.5,3750943.0,2060655.75,1376818.75,2198243.75,1222199.125,1250956.0,3596188.0,2061976.625,1463022.875,1636055.0,1444792.875,1715199.25,3582565.25,2175744.25,,2573653.75,1168797.875,2171052.5,1213086.375,2320765.0,3158465.25,2281955.0,2004082.125,2773725.75,3837675.25,2267503.25,1286658.25,1344542.125,1149423.5,2376530.0,1461560.625,1440144.25,1324211.875,2154932.25,3189933.25,2285976.25,3585309.0,2207093.75,2904924.0,1263995.125,1305723.75,1255366.625,2588290.75,1310226.75,2235021.75,1704882.625,2424378.0,1223295.875,3580984.25,2190333.5,2541850.5,2701391.75,1516218.25,2314949.25,2869553.25,2314951.5,1268668.875,1312552.25,1216403.375,2460914.0,3216034.5,2127185.5,2420455.25,2432576.25,2160933.0,2585094.75,1383078.5,1515824.625,1407397.75,2332187.0,2506635.25,3077059.5,2254388.75,1478576.125,2567548.5,2597181.75,4047742.25,2623739.5,2304213.5,2403057.75,2643744.75,1467118.125,3376991.75,2249854.5,2494384.75,1192965.75,1410129.375,2430812.75,2140539.25,2195854.5,2462359.75,2730830.5,1283834.125,3101018.0,2454886.0,1295792.25,3062026.75,2810868.5,2549751.25,1321728.75,1402538.625,1271040.25,1570375.125,1273259.875,3084798.75,2528198.5
1_Serine d3,466230.0625,1257492.25,1690512.75,883792.125,,2062185.0,1972080.125,1260336.875,1285882.0,,1229756.0,969510.75,1277403.625,1315790.625,1852795.625,1242870.375,794346.625,1729030.5,1869769.875,2127239.25,,1676777.125,1773923.75,869821.25,1133913.5,1193723.75,1076927.125,1744875.75,1657449.5,2121538.25,2342282.5,2025811.5,1805662.25,1797268.625,,1164212.0,1348277.5,1329307.875,2132205.75,1910013.5,1700326.0,1948206.5,1002344.4375,861935.25,1148245.875,1221263.25,1803927.875,1800711.75,1148310.5,1218700.125,,2350268.5,1199257.375,1764160.375,1171027.75,1269655.375,1231443.625,1250167.125,1890875.0,1846708.875,1249984.5,1252337.5,1220382.875,1184756.625,768681.125,1776895.75,864285.3125,1168410.0,1201156.5,1739601.25,1209898.375,2173870.0,1206302.125,1243025.625,1760046.25,1953757.25,1221865.125,1802422.25,685557.4375,1947615.125,2359002.25,1197889.125,1244733.125,1055148.875,1128723.25,1162942.25,882338.75,867870.5625,1438502.375,1322311.125,1418447.375,2117739.5,1919714.75,1159603.875,2120006.75,1500923.25,1062987.625,1294440.375,1074633.375,1198401.875,1470345.875,1843928.5,1404912.25,2076170.875,1125942.0,1098454.625,1109844.25,2114259.75,1113346.75,1231478.625,1364865.5,1572680.125,1136905.375,1989850.5,1000868.5,1286173.125,1949685.625,1522176.75,1797472.625,1072997.75,1237419.875,1267119.875,1125784.875,1220499.375,1304641.75,1564440.75,1349535.0,1308973.875,1065547.875,1037956.625,1060001.375,1152941.125,1248736.75,1297037.125,1263076.375,1327103.375,1034329.4375,1226344.625,1065005.25,,1042658.625,1015668.4375,1168175.0,1592950.125,1051129.875,1112548.125,1085325.75,1247870.0,1092707.5,1012385.1875,1360085.75,1163144.625,1212367.0,1051572.375,1165890.75,1042413.4375,1142210.875,1143250.0,1044062.3125,1719713.125,1009664.75,1073866.0,1175300.375,1075607.25,1200637.0,1180549.875,1236513.5,1471026.625,1101570.125,1141207.625,,1800142.375,1549920.125,1351068.75,1482668.375,916999.0625,1107378.0,1096134.0,1277859.625,1174092.625,1079658.125,1149025.125,1213152.625,1312805.625,1068087.25,1129441.625,1301764.75,1205274.25,1037825.5,1385492.125,1225092.375,1191358.625,1116425.0,1187211.375,1709680.875,1488437.0,987394.625,997331.25,1800700.625,1491539.625,1137508.125,1333608.125,1104536.375,1091390.375,1150608.625,1209912.875,942678.9375,1293597.625,1495522.125,1230870.0,1320545.25,1098266.125,1056668.5,1104919.375,992523.625,1788190.25,1075576.375,1258954.375,1006112.6875,1486826.375,933179.4375,998874.125,1463853.125,1427233.125,1197399.875,1055798.75,1219444.125,1106265.25,1174744.25,1246890.5,1056076.375,1149584.625,1155036.125,1025156.5625,1294486.5,1515168.125,1157999.625,1279112.75,1130111.25,1138023.75,1090349.875,1017862.1875,1357145.0,1115833.875,970111.875,1297819.375,1486416.375,1814370.875,1071779.875,1153993.0,1243397.375,980636.75,1944537.5,1785771.5,1183605.125,1011721.0,1269229.25,1029987.5625,1459154.375,1067774.625,1191866.875,1112818.125
1_Lysine d8,771844.4375,2320144.0,2161453.25,2333370.75,2351638.25,2411719.25,2433394.75,1121006.875,1170145.5,2169861.25,1161689.125,2915481.75,2731303.5,2521439.75,2518444.5,1359801.625,1500839.0,2343549.5,2460314.75,2072715.875,2249942.25,2280268.25,2476407.0,2315463.25,2411151.5,2038364.625,1043227.3125,2317817.25,2525934.0,2415993.75,2543583.25,2357078.25,2377062.0,2219957.0,2087085.5,805823.5,1661615.0,2299353.75,2226752.75,2451389.5,2247911.0,2494249.5,2947488.25,2129516.25,1073434.375,1149368.75,2484540.75,2392089.0,1403243.0,2378413.5,2177503.5,2343770.75,1118040.5,2541401.0,1105846.125,1122399.875,1166239.5,1137116.125,2436157.25,2333664.0,1492217.625,2473765.25,1650288.625,1087619.375,1393080.25,2312056.0,2114253.0,1922973.875,1130574.0,2164673.5,1111740.625,2251357.0,1530157.625,2459661.75,2165074.0,2371887.5,1076961.875,2392182.75,1494039.0,2578281.75,2466719.75,1136251.125,1125815.25,2852585.5,2176017.5,2294971.5,2163649.75,2395465.5,1218325.25,2272867.75,1855489.75,2193259.5,2042088.125,949981.25,2489330.25,1212498.125,1256464.625,2540153.25,983811.625,1066365.125,2350171.5,1871568.25,1178183.125,1881277.875,1032774.6875,2902392.75,3295275.0,3056093.25,1754506.25,2366858.25,2179563.0,1227504.25,1326404.0,1699317.0,1116672.0,1136101.625,1823987.25,1226845.25,2645026.25,2215736.0,1459451.625,2240665.0,1137064.25,902490.1875,1250479.875,1421935.0,2339902.75,1822919.0,991807.0,1112984.125,2795758.25,1225226.5,1351124.75,2253721.75,1162357.625,1273527.875,2713826.5,2843794.5,807099.875,,1066069.375,2167061.75,1194879.375,2921700.75,1280764.25,2099727.75,1228643.375,2213681.25,1072981.625,2914458.0,2720139.25,928373.0,2974822.5,1028538.6875,972237.875,1049587.25,1411948.875,2269852.25,1151133.5,2753590.0,1020168.75,921275.375,3036062.25,3030548.5,1183514.0,1078461.5,1266057.0,2716009.0,1417796.0,1978303.25,,2044443.5,1838172.375,1164902.625,1762974.125,1807846.125,2798408.25,2955169.75,2243587.0,3035968.75,1413397.0,2142210.0,869279.8125,1717807.375,998390.1875,1122644.5,1245729.375,1945609.0,804311.4375,2281410.0,2891679.5,3137819.0,1259603.0,2176645.25,2306047.0,2305861.75,1045356.875,963190.3125,2075425.375,1870512.0,1217187.625,1171930.875,2805311.75,984192.5,1329871.5,2210464.75,851892.3125,2259105.0,1193576.25,2332891.25,2196767.5,1065401.25,1011874.6875,1113774.75,1048386.4375,1888674.375,1168087.625,2171611.75,1021579.625,2477987.0,979889.4375,1919666.375,1179921.25,1132354.375,1098376.25,2759061.25,2318616.5,1261982.125,2201142.25,1230646.125,2773250.25,2996885.5,3017406.25,2897984.5,1082250.5,3034869.0,2779486.75,1252949.75,1347533.25,2271637.5,1262609.875,971922.0625,2170092.25,1010848.875,1065230.5,1145832.25,2659727.5,2087929.125,835587.1875,1274852.875,2121787.0,973520.0,1720358.5,1829111.5,976170.75,832361.8125,1158541.5,1064488.625,1124895.375,951652.125,1153203.625,2038921.5
1_Phenylalanine d8,9012721.0,3776256.75,3698130.25,6144424.5,3562438.0,4211904.5,2923349.25,3859824.75,2973294.25,3859317.75,2849193.0,5746585.5,10961843.0,3634573.0,2824984.5,3332818.0,4448343.5,3551891.75,3902571.0,3952158.5,4091858.25,4213744.5,4259205.5,6139165.0,7696213.0,3200685.75,2759745.0,2881986.0,3591291.25,3405536.5,4137320.25,3830343.25,3844321.75,4034246.0,2818970.75,2699140.75,8255714.5,3674482.25,3499976.75,4127587.75,3694763.75,3019828.25,5853877.5,5884794.5,2820389.0,2798715.0,3850539.75,4014675.25,9123864.0,3700959.0,3586455.25,3923757.75,4373385.5,3963213.0,3947413.0,2936007.25,3926379.0,3807136.75,3936368.0,3777174.0,8347253.0,3694129.0,3389577.0,2691751.5,4562438.5,3970269.75,5750553.0,3025682.5,2866148.25,3470380.75,3860509.25,3742131.0,8178132.5,3589303.0,3260548.0,3880640.75,2792706.75,3772276.75,4455792.5,2808388.5,3428115.0,2729586.75,2815437.5,5806935.0,8177288.0,3437197.0,5601439.5,5668866.5,3113476.0,3416782.5,2798188.0,3857906.0,3894216.25,2800407.25,4562189.5,3041741.75,7021690.5,3748091.0,3956464.5,3178368.25,4317916.5,3624778.5,3042386.25,3751204.75,3079853.0,4023539.5,3512264.5,3930887.75,8057411.5,3705273.0,2790322.5,2985813.0,2995487.25,4025046.25,2722011.75,2933313.5,3228023.75,3170137.25,3128829.25,4232219.5,8141591.0,3748091.5,3352804.25,2820254.5,2878223.25,3159691.25,3791398.25,2608651.75,3485805.5,2951129.75,3586434.75,5086220.5,7927679.5,3819256.75,2905609.0,2709149.75,3884662.0,6122773.0,2885880.0,,3562957.0,3855306.5,3195607.75,2894017.0,7395286.0,3639624.5,2911901.25,2772130.0,2904734.25,3728614.25,2813667.75,2801918.75,5977899.0,2918335.75,2905800.5,3107599.25,8148195.5,3617006.75,3019108.25,3189971.75,2818153.25,2877809.0,5993212.5,4249322.5,2835955.25,2857273.75,2954410.5,2728192.25,8556705.0,3443964.25,,3662846.0,2894651.25,3079677.25,2966364.25,4081838.75,6056508.0,4271122.0,3773272.5,4014156.75,7971427.5,3514473.75,2901553.5,2827819.25,2912204.25,3853458.25,3052596.75,2837917.5,2835727.75,3945043.5,6131276.5,3671442.5,7347398.0,3421567.75,4121516.5,2888308.25,3037535.25,2828504.5,3585149.75,2865692.25,4154562.0,2972323.0,4627154.5,2841935.5,7667464.5,3546131.0,4187634.25,3896523.0,2821980.0,3530771.75,3884124.75,3733393.5,2912850.25,2966834.75,2979455.25,3911270.0,7251614.0,3622916.0,4291818.0,3957254.75,3977099.5,4495163.0,3052617.0,2874560.0,3024108.25,4232129.5,3861120.75,6771380.5,3431544.5,3137805.0,4296357.0,4018656.5,6819964.0,4281714.5,2983200.5,4057479.25,4358991.0,3027596.25,7187125.5,3460779.25,4129965.5,2881130.0,2857969.75,3612508.75,3867401.25,2989066.25,3906316.25,3794104.5,2925279.75,7257621.0,3747851.0,3018013.75,3888577.25,3605116.0,4208097.5,2983739.0,3363505.5,3210934.0,3200256.0,3014293.0,6639440.0,3569085.5
1_Hippuric acid d5,,1572390.125,,4672744.0,,,,,,,,3414626.25,460025.8125,1259160.125,,1048488.3125,2283902.75,,,,738299.25,,,4951857.0,460249.1875,1788814.75,,945047.3125,,,,,,,999846.3125,,529492.375,1467419.25,,,,,3170057.5,5833373.0,,,,,399842.65625,1565513.625,,,,,,,,,,,414401.03125,1462972.125,,,1981143.0,,5664224.0,,,,,,421741.625,1433155.75,,,,,1995636.875,,,,,3303785.5,392977.96875,1476392.625,5438036.0,4850275.5,,,,,,,,742392.625,331596.0,,,,,,,,2290550.75,4571802.5,5183663.0,,386003.59375,1454046.0,,,,,,,,,,,404734.84375,1371041.375,,,,,,,,,5252155.5,,434081.375,1302424.75,,,4480101.5,3076608.5,,,,,,,360375.90625,1466809.5,,,2228475.0,5236760.5,,,3089540.75,,,2245775.75,420684.9375,1413469.5,,,,,3084530.0,4128596.0,,,,,424854.78125,,,,,,,2006903.0,2861306.25,5391607.0,,,412859.90625,1413052.875,,,,,,,,,2818545.5,,371241.0625,,,,,,,,,,5797384.5,,401583.0,1386407.25,2337528.25,916775.75,,,,,,,,,412071.15625,1255971.75,,,,2164707.0,,,,4455500.5,,376898.84375,1309571.375,,4301648.5,,2919592.75,5423137.0,,,3962075.25,,397695.625,,,,,,,,,,,377891.46875,1239122.375,,,,,,,,,,394427.1875,1452036.25
